No,job no,spare parts,Ex.cost,Labor,Total
1,267-1,15225,,5600,20825
2,265,2315,,2500,4815
3,264,13875,,5000,18875
4,261,18980,29300,,48280
5,260,25000,,,25000
6,259,29850,,1825,31675
7,258,8812,,5000,13812
8,257,19600,,1750,21350
9,255,19000,,,19000
10,252,35200,,7475,42675
11,250,800,,1050,1850
12,249,3800,,350,4150
13,248,8250,8500,3075,19825
14,247,6200,,12650,18850
15,246,640,,900,1540
16,245,16000,,2800,18800
17,243,,,4800,4800
18,242,,4100,,4100
19,241,,15000,,15000
20,240,35300,,5000,40300
21,239,103200,,3500,106700
22,238,57228,,15150,72378
23,236,740,,900,1640
24,235,740,,1125,1865
25,234,17064,,2100,19164
26,233,2850,8000,700,11550
27,232,58200,,4675,62875
28,231,407926.51,4000,15325,427251.51
29,227,11291,,1200,12491
30,226,22200,2800,1200,26200
31,225,40256,,17200,57456
32,224,5415,,3000,8415
33,223,12500,3500,,16000
34,222,,32000,,32000
35,221,,,,0
36,220,,27000,,27000
37,219,1930,,1050,2980
38,218,80,,1200,1280
39,217,13544,,5800,19344
40,216,2553,,1725,4278
41,215,32400,,1200,33600
42,214,,,2700,2700
43,213,3800,,1750,5550
44,212,3775,,2800,6575
45,208,13450,,,13450
46,211,5828,5907,3450,15185
47,207,9750,109275,3900,122925
48,205,19500,,2250,21750
49,204,38380,,14850,53230
50,203,,,2150,2150
51,202,,10500,900,11400
52,201,42005,,,42005
53,200,80835,,15450,96285
54,199,1900,,2100,4000
55,198,2750,2800,,5550
56,197,16212,4700,2000,22912
57,196,34440,,2100,36540
58,195,19950,,4700,24650
59,194,30,2500,1050,3580
60,193-1,,,,0
61,193,32000,,,32000
62,192,32000,,5000,37000
63,191,224000,,,224000
64,190,37000,,2625,39625
65,189,2700,,1400,4100
66,188,18000,,2100,20100
67,187,,4100,600,4700
68,186,3140,,900,4040
69,185,3540,,1300,4840
70,184,23315,,4300,27615
71,181,17284,10300,5600,33184
72,180,4700,,1200,5900
73,179,,28000,,28000
74,178,12500,18500,1200,32200
75,172,7900,17000,1125,26025
76,167,80000,,,80000
77,166,55950,,,55950
78,165,135950,,,135950
79,161,1375,,5300,6675
80,160,42005,5750,6850,54605
81,140,79408,,18675,98083
82,130,3050,,4900,7950
83,120,165050,16000,18725,199775
84,111,33003,,15750,48753
85,970,43750,236569.75,4900,285219.75
86,83,90040,,8100,98140
87,62,24780,,16875,41655
88,32,,,,0
89,4,8150,,1750,9900
,,2522159.51,606101.75,328150,3456411.26
1,17,24994,9950,10375,45319
2,155,259954,65000,25950,350904
3,206,85762,,11800,97562
4,229,2850,,3700,6550
5,230,123372,17500,9650,150522
6,237,41936,111500,1800,155236
7,244,13000,175500,14900,203400
8,253,10455,12000,4200,26655
9,254,81750,,,81750
10,256,11950,,1400,13350
11,262,43078,,9225,52303
12,263,73528,23500,15000,112028
13,267,45100,,2500,47600
14,268,29340,,3500,32840
15,269,33300,,8250,41550
16,270,34300,,,34300
17,272,7200,,,7200
18,273,13500,,,13500
19,274,29750,,,29750
20,277,17780,,4900,22680
21,278,3640,,4050,7690
22,282,2800,10000,1200,14000
23,283,10654,8500,3700,22854
24,284,29254,,2800,32054
25,285,190,18000,300,18490
26,286,55130,,6300,61430
27,287,26054,,2800,28854
28,288,33887,7500,,41387
29,288-1,,22900,,22900
30,289,36000,,5600,41600
31,291,14680,,,14680
32,292,23600,2000,5575,31175
33,294,485,,900,1385
34,295,1450,,350,1800
35,296,,18500,,18500
36,297,840,,900,1740
37,300,8137,6000,4600,18737
38,303,20600,,1750,22350
39,304,7850,,1650,9500
40,305,91893,271500,2500,365893
41,306,,,6000,6000
42,307,,,8000,8000
43,309,2770,,900,3670
44,310,1900,,900,2800
45,312,3640,,2000,5640
46,316,10200,,,10200
47,321,1100,,1500,2600
,,1369653,779850,191425,2340928
1,46,2500,,,2500
2,276,88065,27950,18400,134415
3,298,19290,,7650,26940
4,299,65204,,22900,88104
5,301,103202,,20200,123402
6,302,9214,18000,4075,31289
7,313,175781,2500,24750,203031
8,314,29515,,11150,40665
9,315,,15000,,15000
10,315-1,17318,48000,10200,75518
11,318,44080,,14900,58980
12,320,8500,,,8500
13,322,80000,,,80000
14,325,35090,6000,9900,50990
15,326,6825,,4650,11475
16,328,71300,,10400,81700
17,329,49500,9500,9300,68300
18,331,4900,,5400,10300
19,332,6350,,2800,9150
20,333,80040,,11700,91740
21,336,35610,14500,9750,59860
22,337,10960,1800,4900,17660
23,338,150,,1800,1950
24,339,75009,3000,9125,87134
25,340,,18000,,18000
26,341,3443,,,3443
27,342,1500,,2800,4300
28,343,76690,,6875,83565
29,344,88950,10500,18075,117525
30,345,1100,,7800,8900
31,351,4579,,6100,10679
32,354,26507,10000,,36507
33,355,8000,,3600,11600
34,356,14700,,2600,17300
35,357,4078,,2750,6828
36,359,,,1400,1400
37,360,4400,,1400,5800
38,361,89150,28000,16450,133600
39,362,56542,,8900,65442
40,364,5940,,2300,8240
41,365,,,2475,2475
42,366,,,6000,6000
43,367,3200,,3000,6200
44,368,8950,,,8950
45,372,13330,,2550,15880
46,373,94400,57000,13000,164400
47,376,34001,,1400,35401
48,378,,25000,,25000
49,379,4630,15000,,19630
50,381,2125,,1500,3625
51,382,,,1050,1050
52,383,4920,15000,2400,22320
53,384,28650,48000,14600,91250
54,385,3137,,4200,7337
55,386,10050,,1400,11450
56,387,18500,,,18500
57,388,39000,,,39000
58,389,83782,,14700,98482
59,390,13368,,2800,16168
60,391,9150,,2800,11950
61,392,26800,,5050,31850
62,393,28500,,,28500
63,394,2800,,,2800
64,399,9300,,3400,12700
65,401,13200,,,13200
,,1855775,372750,377325,2605850
1,898,276863.71,30500,36450,343813.71
2,168,23558.86,,4200,27758.86
3,210,2604,31000,6000,39604
4,290,366548.33,,20300,386848.33
5,330,227644.79,7500,12600,247744.79
6,349,133938,,1800,135738
7,374,,2200,600,2800
8,396,63025,,5900,68925
9,397,8000,,,8000
10,402,34141,3500,8500,46141
11,403,16823.33,,3650,20473.33
12,404,13109,6000,3800,22909
13,405,27050,5500,7600,40150
14,408,46376,,8300,54676
15,409,1500,,1600,3100
16,411,5300,,1200,6500
17,412,54200,,9100,63300
18,413,18096,,5300,23396
19,414,,5500,2400,7900
20,415,57880,,,57880
21,416,22500,,,22500
22,417,22500,,,22500
23,418,6950,8900,,15850
24,419,26500,,,26500
25,420,98670.82,21500,11200,131370.82
26,422,60571,,8000,68571
27,424,3800,,,3800
28,425,24280,,8800,33080
29,426,44619.04,,7500,52119.04
30,427,2950,,,2950
31,429,9800,12000,,21800
32,430,18000,,,18000
33,431,500,,1600,2100
34,434,36890,,6400,43290
35,435,50850,,3200,54050
36,436,10800,,,10800
37,440,1800,,200,2000
38,441,7850,6000,4400,18250
39,443,1400,60950,600,62950
40,444,22623,,2200,24823
41,445,8650,2800,,11450
42,446,,,2700,2700
43,447,900,,1300,2200
44,448,2856,,3750,6606
45,449,69000,,,69000
46,450,11500,,,11500
47,451,500,,1350,1850
48,452,54715,9000,5500,69215
49,455,,7480,,7480
50,456,,14480,,14480
51,457,22500,,,22500
52,458,8363.5,,4600,12963.5
53,459,22627,,3200,25827
54,462,36000,,3200,39200
55,463,38500,,3200,41700
56,464,1300,,800,2100
57,465,,,4100,4100
58,471,14639.5,,1600,16239.5
,,2142562.88,234810,228700,2606072.88
1,49,51010,28400,8000,87410
2,308,597929.02,104296,43850,746075.02
3,335,219500,250478.64,,469978.64
4,352,209101.29,,15800,224901.29
5,406,293121.24,,15700,308821.24
6,423,126906,8500,15350,150756
7,453,226210.35,261208.57,14400,501818.92000000004
8,461,170757.9,9880,8600,189237.9
9,466,1864,,1900,3764
10,467,116388.1,,12750,129138.1
11,472,70547.2,,4700,75247.2
12,473,20049,,,20049
13,476,18399,,1200,19599
14,478,47450,,,47450
15,480,79955,22500,9000,111455
16,481,2305,55550.51,2325,60180.51
17,482,24000,,,24000
18,484,7552,11000,12000,30552
19,488,28889.14,10000,2400,41289.14
20,489,235416,,10000,245416
21,490,19457,,3200,22657
22,491,31176,17000,8400,56576
23,492,4650.15,,2600,7250.15
24,493,281860.84,,15500,297360.84
25,495,2438.57,,1400,3838.57
26,497,163914.03,,11200,175114.03
27,498,,,800,800
28,499,84583.9,4500,,89083.9
29,500,4900,,6500,11400
30,501,98805.82,,5000,103805.82
31,502,,14000,,14000
32,505,97395.29,,21300,118695.29
33,506,56951.52,,7400,64351.52
34,511,70000,,1500,71500
35,512,4409.76,,800,5209.76
36,514,22025,4500,4400,30925
37,515,20025,,4400,24425
38,517,14300,,2750,17050
39,518,9061.6,,,9061.6
40,519,10224,,2850,13074
41,520,,8900,,8900
42,522,40195.99,28710,1600,70505.98999999999
43,523,9000,,1600,10600
44,524,9500,,,9500
45,526,4308.5,,3600,7908.5
46,528,42466.07,34896.8,11100,88462.87
47,531,72.5,,2700,2772.5
48,532,67532.81,,16300,83832.81
49,535,,,800,800
50,536,2512.5,,1600,4112.5
51,537,10700,,3200,13900
52,538,44100,,5000,49100
53,541,55970,,11100,67070
54,542,26489,,1500,27989
55,543,30000,,,30000
56,544,12900,69183.4,,82083.4
57,545,80000,,,80000
58,546,46204.84,,1000,47204.84
59,547,14020,,,14020
60,548,,,1600,1600
61,550,45058.57,,2050,47108.57
62,555,,,3200,3200
63,556,,,3200,3200
64,557,28000,,,28000
65,558,28250,,,28250
66,559,13200,,,13200
67,560,,14962.13,,14962.13
,,4154009.499999999,958466.05,349125,5461600.549999999
1,828,42266.1,,20250,62516.1
2,939,1500,,3800,5300
3,984,29706.51,2000,12100,43806.509999999995
4,166-1,,30492,,30492
5,324,102501.71,7000,17000,126501.71
6,432,72,,4700,4772
7,433,139793,14000,9400,163193
8,474,33959.84,,6400,40359.84
9,475,135233.81,,16000,151233.81
10,477,24498.64,,4800,29298.64
11,487,126763.14,,6000,132763.14
12,503,82401.75,3923.5,8000,94325.25
13,530,129786.47,153000,11300,294086.47
14,533,35203.3,,6700,41903.3
15,539,100242,,15000,115242
16,549,8465,,2000,10465
17,551,26735.71,,8300,35035.71
18,552,59785,,14500,74285
19,553,15709.18,,6400,22109.18
20,554,76823.57,,14100,90923.57
21,561,109387.28,,3800,113187.28
22,562,,2000,,2000
23,564,56767.96,,3900,60667.96
24,566,8500,,1500,10000
25,567,15000,30000,,45000
26,565,14120,,2700,16820
27,568,,,3400,3400
28,569,168900,35000,,203900
29,571,8207,,1800,10007
30,572,92001.28,,1925,93926.28
31,573,36950,,1600,38550
32,575,59077,,8700,67777
33,577,21000,,9500,30500
34,578,14606,,6000,20606
35,580,14509,,3950,18459
36,581,6028.57,,1200,7228.57
37,582,80293.8,,8350,88643.8
38,583,19930,7300,3200,30430
39,584,117133.29,,12200,129333.29
40,585,9132.5,,2400,11532.5
41,586,,,2000,2000
42,587,31036,,6200,37236
43,588,8988.5,,,8988.5
44,589,8988.5,,,8988.5
45,590,,,1600,1600
46,591,5500,,,5500
47,592,4300,,,4300
48,593,185083,6500,5450,197033
49,594,8500,,,8500
50,595,71000,,,71000
51,596,3200,,,3200
52,598,9300,,3200,12500
53,599,,,1650,1650
54,600,8400,,,8400
55,601,9509.76,,1200,10709.76
56,602,4650,,1800,6450
57,603,19600,1500,3850,24950
58,604,4250,7300,,11550
59,605,,60000,,60000
60,606,48750,,,48750
61,607,,6500,7400,13900
62,609,46267.8,,800,47067.8
63,610,6500,,600,7100
64,611,31500,6000,,37500
65,614,11856,,2400,14256
66,615,28653.76,,,28653.76
67,616,19000,,,19000
68,617,4100,,4400,8500
69,620,8102,6500,4800,19402
70,621,21366.66,43950,8300,73616.66
71,622,7986,,16600,24586
72,623,35000,,,35000
73,626,6400,110000,,116400
74,627,,23800,4650,28450
75,630,,34000,,34000
76,631,1158.5,,3800,4958.5
77,632,,8300,,8300
78,633,34000,,,34000
79,635,1100,,3300,4400
80,636,18700,3500,6700,28900
81,642,,9901.31,,9901.31
82,643,18900,,,18900
83,644,,5000,,5000
84,648,19765,,7250,27015
,,2774401.8899999997,617466.81,360825,3752693.6999999997
,,,,,0
,,,,,0
,,,,,0
,,,,,0
,,,,,0
,,,,,0
,,,,,0
,,,,,0
,,,,,0
,,,,,0
,,,,,0
,,,,,0
,,,,,0
,,,,,0
,,,,,0
,,,,,0
,,,,,0
,,,,,0
,,,,,0
,,,,,0
,,,,,0
,,,,,0
,,,,,0
,,,,,0
,,,,,0
,,,,,0
,,,,,0
,,,,,0
,,,,,0
,,,,,0
,,,,,0
,,,,,0
,,,,,0
,,,,,0
,,,,,0
,,,,,0
,,,,,0
,,,,,0
,,,,,0
,,,,,0
,,,,,0
,,,,,0
,,,,,0
,,,,,0
,,,,,0
,,,,,0
,,,,,0
,,,,,0
,,,,,0
,,,,,0
,,,,,0
,,,,,0
,,,,,0
,,,,,0
,,,,,0
,,,,,0
,,,,,0
,,,,,0
,,,,,0
,,,,,0
,,,,,0
,,,,,0
,,,,,0
,,,,,0
,,,,,0
,,,,,0
,,,,,0
,,,,,0
,,,,,0
,,,,,0
,,,,,0
,,,,,0
,,,,,0
,,,,,0
,,,,,0
,,,,,0
