id,ec_code,ec_code_norm,registration,registration_norm,brand,type,model_no,capacity,yom,serial_no,chassis_no,engine_no,asset_class,site,created_at,status,created_by
1,LB-01,LB01,ZA-2609,ZA2609,JCB,Backhoe Loader,3DX,1.0 cu. m.,2012,1487562,,H00050004,plant,,2026-06-18 12:54:09,registered,
2,LB-02,LB02,ZA-2963,ZA2963,JCB,Backhoe Loader,3DX,1.0 cu. m.,2012,1487765,,H00032286,plant,,2026-06-18 12:54:09,registered,
3,LB-03,LB03,ZA-2964,ZA2964,JCB,Backhoe Loader,3DX,1.0 cu. m.,2012,1487793,,H00032137,plant,,2026-06-18 12:54:09,registered,
4,LB-04,LB04,RS-0401,RS0401,JCB,Backhoe Loader,SLP3CX,1.0 cu. m.,1999,SLP3CX7SWE0470373,,AA506060U870023D,plant,,2026-06-18 12:54:09,registered,
5,LB-05,LB05,RS-0483,RS0483,JCB,Backhoe Loader,3DX,1.0 cu. m.,2006,1041419,,,plant,,2026-06-18 12:54:09,registered,
6,LB-06,LB06,ZA-0447,ZA0447,JCB,Backhoe Loader,3CX,1.0 cu. m.,2002,CMT/596/2011/S/P,,,plant,,2026-06-18 12:54:09,registered,
7,LB-07,LB07,ZA-2608,ZA2608,JCB,Backhoe Loader,JCB 3CX,1.0 cu. m.,2004,*0943015,,AK51093U592119K,plant,,2026-06-18 12:54:09,registered,
8,LB-08,LB08,ZA-6068,ZA6068,JCB,Backhoe Loader,JCB 3DX,1.0 cu. m.,2015,HAR3DXSUJ01494150,,H00103100,plant,,2026-06-18 12:54:09,registered,
9,LB-09,LB09,ZA-6069,ZA6069,JCB,Backhoe Loader,JCB 3DX,1.0 cu. m.,2015,HAR3DXSUE01494156,,H00103915,plant,,2026-06-18 12:54:09,registered,
10,LB-10,LB10,ZA-7034,ZA7034,JCB,Backhoe Loader,JCB 3DX,1.0 cu. m.,2016,HAR3DXSUK01497483,,H00121591,plant,,2026-06-18 12:54:09,registered,
11,LB-11,LB11,ZA-7092,ZA7092,JCB,Backhoe Loader,JCB 3DX,1.0 cu. m.,2016,HAR3DXSUE01497316,,H000120453,plant,,2026-06-18 12:54:09,registered,
12,LB-12,LB12,ZA-8337,ZA8337,JCB,Backhoe Loader,3DX,1.0 cu. m.,2016,HAR3DXSUC001498720,,H00128304,plant,,2026-06-18 12:54:09,registered,
13,LB-13,LB13,ZA-7965,ZA7965,JCB,Backhoe Loader,3DX,1.0 cu. m.,2016,HAR3DXSUJ01499221,,H00130938,plant,,2026-06-18 12:54:09,registered,
14,LB-14,LB14,ZA-7968,ZA7968,JCB,Backhoe Loader,3DX,1.0 cu. m.,2016,HAR3DXSUK01499198,,H00130812,plant,,2026-06-18 12:54:09,registered,
15,LB-15,LB15,ZB-1047,ZB1047,J.C.B,Backhoe Loader,570ST,1.0 cu. m.,2019,NKJ570STCKKH00901,,8045.45.748.265437,plant,,2026-06-18 12:54:09,registered,
16,LB-16,LB16,ZB-1547,ZB1547,J.C.B,Backhoe Loader,3DX,1.0 cu. m.,2020,HAR3DXSUL02722406,,H00264328,plant,,2026-06-18 12:54:09,registered,
17,LB-17,LB17,ZB-1546,ZB1546,J.C.B,Backhoe Loader,3DX,1.0 cu. m.,2020,HAR3DXSUH02722410,,H00264316,plant,,2026-06-18 12:54:09,registered,
18,LB-18,LB18,ZB-1548,ZB1548,J.C.B,Backhoe Loader,3DX,1.0 cu. m.,2020,HAR3DXSUH02722407,,H00264525,plant,,2026-06-18 12:54:09,registered,
19,LB-19,LB19,ZB-1978,ZB1978,J.C.B,Backhoe Loader,3DX,1.0 cu. m.,2020,HAR3DXSUH02723508,,H00279711,plant,,2026-06-18 12:54:09,registered,
20,LB-20,LB20,ZB-1979,ZB1979,J.C.B,Backhoe Loader,3DX,1.0 cu. m.,2020,HAR3DXSUK02723502,,H00279709,plant,,2026-06-18 12:54:09,registered,
21,LB-21,LB21,ZB-1980,ZB1980,J.C.B,Backhoe Loader,3DX,1.0 cu. m.,2020,HAR3DXSUV02723665,,H00281560,plant,,2026-06-18 12:54:09,registered,
22,LB-22,LB22,ZB-2586,ZB2586,BOB CAT,Backhoe Loader,B760,1.0 cu. m.,2021,DBIB5JDGCL0S11006*,,NL84759,plant,,2026-06-18 12:54:09,registered,
23,LB-23,LB23,ZB-2587,ZB2587,BOB CAT,Backhoe Loader,B760,1.0 cu. m.,2021,DBIB5JDGEL0511005*,,NL84759,plant,,2026-06-18 12:54:09,registered,
24,LB-24,LB24,ZB-2583,ZB2583,BOB CAT,Backhoe Loader,B760,1.0 cu. m.,2021,DBIB5JDGLL0S11003*,,NL84759,plant,,2026-06-18 12:54:09,registered,
25,LD-01,LD01,,,CAT,Wheel  Loader,910E,0.5 m3,2009,,,,plant,,2026-06-18 12:54:09,registered,
26,LD-02,LD02,,,CAT,Wheel  Loader,CAT910,0.75 m3,2010,,,,plant,,2026-06-18 12:54:09,registered,
27,LD-03,LD03,,,KOMATSU,Wheel  Loader,WA100,0.75 m3,2012,,,,plant,,2026-06-18 12:54:09,registered,
28,LD-04,LD04,,,KOMATSU,Wheel  Loader,924F,0.5 m3,2013,,,,plant,,2026-06-18 12:54:09,registered,
29,LD-05,LD05,,,KOMATSU,Wheel  Loader,WA150,0.75 m3,2014,,,,plant,,2026-06-18 12:54:09,registered,
30,LD-06,LD06,ZA-3116,ZA3116,KOMATSU,Wheel  Loader,510,0.5 m3,2013,,,,plant,,2026-06-18 12:54:09,registered,
31,LD-07,LD07,,,KOMATSU,Wheel  Loader,WA-80SS,0.5 m3,2015,13297,,,plant,,2026-06-18 12:54:09,registered,
32,LD-08,LD08,,,SANTUI,Wheel  Loader,SL30W,0.75 m3,2014,,,,plant,,2026-06-18 12:54:09,registered,
33,LD-09,LD09,,,SHANTUI,Wheel  Loader,SL-50WN,01 m3,2020,,,,plant,,2026-06-18 12:54:09,registered,
34,TM-01,TM01,LK-5048,LK5048,MITSUBISHI,Truck  Mixer,KC-FH217C,2 m3,1996,FH217C501291,FH217C501291,6D16.831590,plant,,2026-06-18 12:54:09,registered,
35,TM-03,TM03,LK-5047,LK5047,ISUZU,Truck  Mixer,KC-NRR33C20,2 m3,1996,NRR33C2-3001266,NRR33C2-3001266,,plant,,2026-06-18 12:54:09,registered,
36,TM-04,TM04,LL-0690,LL0690,ISUZU,Truck  Mixer,KK-NRR35C4 FORWARD,2 m3,2000,NNR35C47000949,NNR35C47000949,6HL1.313673,plant,,2026-06-18 12:54:09,registered,
37,TM-10,TM10,ZA-6395,ZA6395,ASHOK LEYLAND,Truck  Mixer,TUSKER SUPER 1613,4 m3,2015,MB1ADJJA2FRDL3242,MB1ADJJA2FRDL3242,FDHZ403004,plant,,2026-06-18 12:54:09,registered,
38,TM-09,TM09,ZA-6255,ZA6255,MITSUBISHI,Truck  Mixer,KK-FE73EB CANTER,1 m3,2003,FE73EB501255,FE73EB501255,4M51-B12860,plant,,2026-06-18 12:54:09,registered,
39,TM-08,TM08,LJ-8055,LJ8055,ISUZU,Truck  Mixer,KC-NRR33C20,2 m3,1996,NNR33C23001295,NNR33C23001295,6HH1-211921,plant,,2026-06-18 12:54:09,registered,
40,TM-11,TM11,ZA-7291,ZA7291,ELCHER,Truck  Mixer,TERRA 16,4 m3,2016,MC2K7ERCOGK054478,MC2K7ERCOGK054478,E613CDGK111850,plant,,2026-06-18 12:54:09,registered,
41,TM-12,TM12,ZA-7290,ZA7290,ELCHER,Truck  Mixer,TERRA 16,4 m3,2016,MC2K7ERCOGJ053783,MC2K7ERCOGJ053783,E613CDGJ1085564,plant,,2026-06-18 12:54:09,registered,
42,TM-14,TM14,ZA-7810,ZA7810,TATA,Truck  Mixer,LPK 2518,7 m3,2016,MAT448072G3R26771,MAT448072G3R26771,6IL63557849,plant,,2026-06-18 12:54:09,registered,
43,TM-15,TM15,ZA-7925,ZA7925,TATA,Truck  Mixer,LPK 2518,7 m3,2016,MAT448072G3R22351,MAT448072G3R22351,61J63544842,plant,,2026-06-18 12:54:09,registered,
44,TM-16,TM16,ZA-8033,ZA8033,TATA,Truck  Mixer,LPK 2518,7 m3,2016,MAT448072G3R22347,MAT448072G3R22347,61J63546762,plant,,2026-06-18 12:54:09,registered,
45,TM-18,TM18,ZA-8511,ZA8511,TATA,Truck  Mixer,LPK 1618,4 m3,2017,MAT449019H2R08585,MAT449019H2R08585,71C84378059,plant,,2026-06-18 12:54:09,registered,
46,TM-19,TM19,ZA-8445,ZA8445,TATA,Truck  Mixer,LPK 2518,7 m3,2017,MAT448072H3R14616,MAT448072H3R14616,71F63600530,plant,,2026-06-18 12:54:09,registered,
47,TM-21,TM21,ZA-0050,ZA0050,TATA,Truck  Mixer,LPK 1618,4 m3,2017,MAT449019H2R08190,MAT449019H2R08190,71C84377627,plant,,2026-06-18 12:54:09,registered,
48,TM-13,TM13,Fiori,FIORI,FIORI,Self Loader Mixer,8FO8H01246,3.5m3,2017,BFO8H01193,,U636673B,plant,,2026-06-18 12:54:09,registered,
49,TM-17,TM17,Fiori,FIORI,FIORI,Self Loader Mixer,8FO8H01252,3.5m3,2017,BFO8HO1246,,RS81729*0641542C,plant,,2026-06-18 12:54:09,registered,
50,TM-20,TM20,Fiori,FIORI,FIORI,Self Loader Mixer,BF08H01307,3.5m3,2018,BF08H01307,,,plant,,2026-06-18 12:54:09,registered,
51,SR-04,SR04,,,,Static Roller,R12,03 DRUM,2013,,,,plant,,2026-06-18 12:54:09,registered,
52,SR-05,SR05,,,SAKAI,Static Roller,SW-900,10 Ton,2014,VSW27-30127,,,plant,,2026-06-18 12:54:09,registered,
53,SR-06,SR06,,,CASE,Static Roller,,10 Ton,2014,,,,plant,,2026-06-18 12:54:09,registered,
54,SR-08,SR08,,,CASE,Static Roller,1107EXD,10 Ton,2017,NKJ1107ELGKT00064,62038313,,plant,,2026-06-18 12:54:09,registered,
55,SR-09,SR09,,,CASE,Static Roller,1107EXD,10 Ton,2017,MKJ1107EXGKT00227,,,plant,,2026-06-18 12:54:09,registered,
56,SR-10,SR10,,,,Static Roller,,03 DRUM,,,,,plant,,2026-06-18 12:54:09,registered,
57,SR-11,SR11,,,HAMM,Static Roller,HAMM 311D,10 Ton,,WHBOH216TJ0003198,81D84477073,,plant,,2026-06-18 12:54:09,registered,
58,SR-12,SR12,,,HAMM,Static Roller,HAMM 311D,10 Ton,2016,WHBOH216KJ0003236,81E84483259,,plant,,2026-06-18 12:54:09,registered,
59,SR-13,SR13,,,DYNAPAC,Static Roller,CA250D,10 Ton,,10300127HLE007006,,,plant,,2026-06-18 12:54:09,registered,
60,SR-14,SR14,,,SAKAI,Static Roller,R2V,03 DRUM,,,,,plant,,2026-06-18 12:54:09,registered,
61,SR-15,SR15,,,MACADAM,Static Roller,,03 DRUM,,,,,plant,,2026-06-18 12:54:09,registered,
62,SR-16,SR16,,,DYNAPAC,Static Roller,CA30D,10 Ton,,10300180ALE010382,,,plant,,2026-06-18 12:54:09,registered,
63,SR-17,SR17,,,DYNAPAC,Static Roller,CC425,08 Ton,2021,10300383LME010505-0121,,,plant,,2026-06-18 12:54:09,registered,
64,SR-18,SR18,,,DYNAPAC,Static Roller,CA30D,10 Ton,2021,10300180JME010993-0933,,,plant,,2026-06-18 12:54:09,registered,
65,SR-19,SR19,,,DYNAPAC,Static Roller,CA30D,10 Ton,2021,10300180AME010996-0996,,,plant,,2026-06-18 12:54:09,registered,
66,VR-01,VR01,,,,Vibrating Roller,,01 Ton,2010,,,,plant,,2026-06-18 12:54:09,registered,
67,VR-02,VR02,,,KOMATSU,Vibrating Roller,,04 Ton,2012,,,,plant,,2026-06-18 12:54:09,registered,
68,VR-03,VR03,,,,Vibrating Roller,,04 Ton,2013,,,,plant,,2026-06-18 12:54:09,registered,
69,VR-04,VR04,,,,Vibrating Roller,,04 Ton,2010,,,,plant,,2026-06-18 12:54:09,registered,
70,VR-05,VR05,,,,Vibrating Roller,,04 Ton,2012,,,,plant,,2026-06-18 12:54:09,registered,
71,VR-06,VR06,,,,Vibrating Roller,,01 Ton,2015,,,,plant,,2026-06-18 12:54:09,registered,
72,VR-07,VR07,,,CAT,Vibrating Roller,1650NK0285,04 Ton,2013,,,,plant,,2026-06-18 12:54:09,registered,
73,VR-08,VR08,,,BOMAG,Vibrating Roller,,02 Ton,2013,,,,plant,,2026-06-18 12:54:09,registered,
74,VR-09,VR09,,,DYNAPAC,Vibrating Roller,CC142 II,04 Ton,2013,,,,plant,,2026-06-18 12:54:09,registered,
75,VR-10,VR10,,,BOMAG,Vibrating Roller,BW 138 AD-05,04 Ton,2013,101650301735,,7FL0908,plant,,2026-06-18 12:54:09,registered,
76,VR-12,VR12,,,BOMAG,Vibrating Roller,BW 138 AD-05,04 Ton,2013,7FL0734,,101650301736,plant,,2026-06-18 12:54:09,registered,
77,VR-13,VR13,,,HAMM,Vibrating Roller,,04 Ton,2012,,,,plant,,2026-06-18 12:54:09,registered,
78,VR-14,VR14,,,BOMAG,Vibrating Roller,BW-138 AD,04 Ton,2016,*101650371052,*101650371052,,plant,,2026-06-18 12:54:09,registered,
79,VR-15,VR15,,,,Vibrating Roller,,,,,,,plant,,2026-06-18 12:54:09,registered,
80,VR-16,VR16,,,,Vibrating Roller,,,,,,,plant,,2026-06-18 12:54:09,registered,
81,VR-17,VR17,,,,Vibrating Roller,,,,,,,plant,,2026-06-18 12:54:09,registered,
82,VR-18,VR18,,,BOMAG,Vibrating Roller,SA-00-350,04 Ton,2016,,,,plant,,2026-06-18 12:54:09,registered,
83,VR-19,VR19,,,,Vibrating Roller,,01 Ton,2016,,,,plant,,2026-06-18 12:54:09,registered,
84,VR-20,VR20,,,SAKAI,Vibrating Roller,SW-300,04 Ton,2013,,,,plant,,2026-06-18 12:54:09,registered,
85,VR-21,VR21,,,TACOM,Vibrating Roller,TFR60TDS,01 Ton,2014,509047,,,plant,,2026-06-18 12:54:09,registered,
86,VR-22,VR22,,,,Vibrating Roller,,01 Ton,2017,,,,plant,,2026-06-18 12:54:09,registered,
87,VR-23,VR23,,,,Vibrating Roller,SL203468,04 Ton,2017,,,,plant,,2026-06-18 12:54:09,registered,
88,VR-24,VR24,,,BOMAG,Vibrating Roller,BW 75 H,01 Ton,2013,861100822773,,101650371052,plant,,2026-06-18 12:54:09,registered,
89,VR-25,VR25,,,BOMAG,Vibrating Roller,BW 75 H,01 Ton,2013,861100822772,,,plant,,2026-06-18 12:54:09,registered,
90,VR-26,VR26,,,,Vibrating Roller,,04 Ton,2012,,,,plant,,2026-06-18 12:54:09,registered,
91,VR-27,VR27,,,BOMAG,Vibrating Roller,BW 75 H,02 TON,2014,861100822771,,SC9407,plant,,2026-06-18 12:54:09,registered,
92,VR-28,VR28,,,BOMAG,Vibrating Roller,BW 75 H,01 TON,2015,861100822770,,SC9401,plant,,2026-06-18 12:54:09,registered,
93,VR-29,VR29,,,TACOM,Vibrating Roller,TFR60TDS,01 TON,2015,,,,plant,,2026-06-18 12:54:09,registered,
94,VR-30,VR30,,,TACOM,Vibrating Roller,TFR60TDS,01 TON,2016,,,,plant,,2026-06-18 12:54:09,registered,
95,VR-31,VR31,,,BOMAG,Vibrating Roller,BW 75 H,01 TON,2016,861100822768,,SC9408,plant,,2026-06-18 12:54:09,registered,
96,VR-32,VR32,,,TACOM,Vibrating Roller,BW 75 H,01 TON,2016,,,,plant,,2026-06-18 12:54:09,registered,
97,VR-33,VR33,,,TACOM,Vibrating Roller,BW 75 H,01 TON,2016,,,,plant,,2026-06-18 12:54:09,registered,
98,VR-34,VR34,,,,Vibrating Roller,,,,,,,plant,,2026-06-18 12:54:09,registered,
99,VR-35,VR35,,,,Vibrating Roller,,,,,,,plant,,2026-06-18 12:54:09,registered,
100,VR-36,VR36,,,,Vibrating Roller,,,,,,,plant,,2026-06-18 12:54:09,registered,
101,VR-37,VR37,,,SAKAI,Vibrating Roller,SW-300,,,,,,plant,,2026-06-18 12:54:09,registered,
102,VR-38,VR38,,,,Vibrating Roller,,,,,,,plant,,2026-06-18 12:54:09,registered,
103,VR-39,VR39,,,,Vibrating Roller,,,,,,,plant,,2026-06-18 12:54:09,registered,
104,VR-40,VR40,,,,Vibrating Roller,,01 TON,,VHV12-80167,,,plant,,2026-06-18 12:54:09,registered,
105,VR-41,VR41,,,,Vibrating Roller,,,,,,,plant,,2026-06-18 12:54:09,registered,
106,VR-42,VR42,,,,Vibrating Roller,,,,,,,plant,,2026-06-18 12:54:09,registered,
107,VR-43,VR43,,,SAKAI,Vibrating Roller,,,,10230,,,plant,,2026-06-18 12:54:09,registered,
108,VR-44,VR44,,,CAT,Vibrating Roller,CB-504C,08 TON,,2EG00544,,,plant,,2026-06-18 12:54:09,registered,
109,VR-45,VR45,,,SAKAI,Vibrating Roller,TW-41,,,,VTW2-11760,4FE1,plant,,2026-06-18 12:54:09,registered,
110,VR-46,VR46,,,,Vibrating Roller,,,,,,,plant,,2026-06-18 12:54:09,registered,
111,VR-47,VR47,,,,Vibrating Roller,,,,,,,plant,,2026-06-18 12:54:09,registered,
112,VR-48,VR48,,,,Vibrating Roller,,,,10300379TLE0000017,,,plant,,2026-06-18 12:54:09,registered,
113,VR-49,VR49,,,,Vibrating Roller,,01 TON,,104006,,,plant,,2026-06-18 12:54:09,registered,
114,VR-50,VR50,,,,Vibrating Roller,,,,,,,plant,,2026-06-18 12:54:09,registered,
115,VR-51,VR51,,,,Vibrating Roller,,01 TON,,604009,,,plant,,2026-06-18 12:54:09,registered,
116,VR-52,VR52,,,,Vibrating Roller,,,,,,,plant,,2026-06-18 12:54:09,registered,
117,VR-53,VR53,,,,Vibrating Roller,,,,10300379KLE010100,,,plant,,2026-06-18 12:54:09,registered,
118,VR-54,VR54,,,,Vibrating Roller,,,,10300379ALE010099,,,plant,,2026-06-18 12:54:09,registered,
119,VR-55,VR55,,,,Vibrating Roller,,,,,,,plant,,2026-06-18 12:54:09,registered,
120,VR-56,VR56,,,,Vibrating Roller,,,,,,,plant,,2026-06-18 12:54:09,registered,
121,VR-57,VR57,,,,Vibrating Roller,,,,,,,plant,,2026-06-18 12:54:09,registered,
122,VR-58,VR58,,,,Vibrating Roller,,,,,,,plant,,2026-06-18 12:54:09,registered,
123,VR-59,VR59,,,,Vibrating Roller,,,,10300379ELE010236,,,plant,,2026-06-18 12:54:09,registered,
124,VR-60,VR60,,,,Vibrating Roller,,,,10300379HLE010235,,,plant,,2026-06-18 12:54:09,registered,
125,VR-61,VR61,,,,Vibrating Roller,CC-1250,,,10300379LME010526,,,plant,,2026-06-18 12:54:09,registered,
126,VR-62,VR62,,,,Vibrating Roller,CC-1250,,,10300379AME010525,,,plant,,2026-06-18 12:54:09,registered,
127,VR-63,VR63,,,,Vibrating Roller,CC-1250,,,10300379CLE010397,,,plant,,2026-06-18 12:54:09,registered,
128,VR-64,VR64,,,,Vibrating Roller,CC-1250,,,10300379ELE010396,,,plant,,2026-06-18 12:54:09,registered,
129,VR-65,VR65,,,,Vibrating Roller,CC-1250,,,10300379PLE010340,,,plant,,2026-06-18 12:54:09,registered,
130,VR-66,VR66,,,,Vibrating Roller,CC-1250,,,10300379KLE010324,,,plant,,2026-06-18 12:54:09,registered,
131,VR-67,VR67,,,,Vibrating Roller,CC-1250,,,10300379LME010770,,,plant,,2026-06-18 12:54:09,registered,
132,VR-68,VR68,,,,Vibrating Roller,CC-1250,,,10300379EME010769,,,plant,,2026-06-18 12:54:09,registered,
133,VR-69,VR69,,,,Vibrating Roller,CC-1250,,,10300379JME010911,,,plant,,2026-06-18 12:54:09,registered,
134,VR-70,VR70,,,,Vibrating Roller,CC-1250,,,10300379JME010892,,,plant,,2026-06-18 12:54:09,registered,
135,VR-71,VR71,,,,Vibrating Roller,CC-1250,,,10300379JME010910,,,plant,,2026-06-18 12:54:09,registered,
136,PTR-01,PTR01,,,KAWASAKI,Pnumatic  Roller,KR-20 D,16 TON,2012,,,,plant,,2026-06-18 12:54:09,registered,
137,PTR-02,PTR02,,,SAKAI,Pnumatic  Roller,6BD1LJ-01,14 TON,2012,,,,plant,,2026-06-18 12:54:09,registered,
138,PTR-04,PTR04,,,DYNAPAC,Pnumatic  Roller,CP-201W,13.6 TON,2012,,,,plant,,2026-06-18 12:54:09,registered,
139,PTR-05,PTR05,,,DYNAPAC,Pnumatic  Roller,CP-201W,13.6 TON,2012,,,,plant,,2026-06-18 12:54:09,registered,
140,PTR-06,PTR06,,,KTDTO,Pnumatic  Roller,RT-200W,14 TON,2012,,,,plant,,2026-06-18 12:54:09,registered,
141,PTR-07,PTR07,,,FURUKAWA,Pnumatic  Roller,FT-20W,16TON,2012,,,,plant,,2026-06-18 12:54:09,registered,
142,PTR-08,PTR08,,,KOMATSU,Pnumatic  Roller,J.W 200,,,TW2001-10070,,,plant,,2026-06-18 12:54:09,registered,
143,PTR-09,PTR09,,,SAKAI,Pnumatic  Roller,C200,,2000,,,,plant,,2026-06-18 12:54:09,registered,
144,PTR-10,PTR10,,,SAKAI,Pnumatic  Roller,TS200,,1990,,,,plant,,2026-06-18 12:54:09,registered,
145,MG-03,MG03,,,KOMATSU,Motor Grader,GD405A,10 ft,,,,,plant,,2026-06-18 12:54:09,registered,
146,MG-04,MG04,,,MITSUBISHI,Motor Grader,MG230,10 ft,,,,,plant,,2026-06-18 12:54:09,registered,
147,MG-05,MG05,,,KOMATSU,Motor Grader,GD405A,10 ft,,,,,plant,,2026-06-18 12:54:09,registered,
148,MG-06,MG06,,,MITSUBISHI,Motor Grader,320-11-21GD,10 ft,,,,,plant,,2026-06-18 12:54:09,registered,
149,MG-07,MG07,ZA-4344,ZA4344,MITSUBISHI,Motor Grader,MG330,12 ft,,T3GA01780,,6D16A54517,plant,,2026-06-18 12:54:09,registered,
150,MG-08,MG08,ZB-2561,ZB2561,SANY,Motor Grader,STG170C-8,12ft,2020.08,,,,plant,,2026-06-18 12:54:09,registered,
151,MG-09,MG09,ZB-2562,ZB2562,SANY,Motor Grader,STG170C-8,12ft,2020,,,,plant,,2026-06-18 12:54:09,registered,
152,MG-10,MG10,ZB-2559,ZB2559,SANY,Motor Grader,STG170C-8,12ft,2020,,,,plant,,2026-06-18 12:54:09,registered,
153,MG-11,MG11,,,MITSUBHISHI,Motor Grader,MG 230,10 ft,,,,,plant,,2026-06-18 12:54:09,registered,
154,MG-12,MG12,ZB-2564,ZB2564,SANY,Motor Grader,STG170C-8,12ft,2021.01,,,,plant,,2026-06-18 12:54:09,registered,
155,MG-13,MG13,ZB-2585,ZB2585,SANY,Motor Grader,STG170C-8,12ft,2021,,,,plant,,2026-06-18 12:54:09,registered,
156,MG-14,MG14,,,MITSUBISHI,Motor Grader,2GB00258,10 ft,2014,,,,plant,,2026-06-18 12:54:09,registered,
157,MG-15,MG15,,,MITSUBISHI,Motor Grader,2GB01241,10 ft,2008,,,,plant,,2026-06-18 12:54:09,registered,
158,MG-17,MG17,,,SANY,Motor Grader,STG170C-8,12ft,2021.01,,,,plant,,2026-06-18 12:54:09,registered,
159,MG-18,MG18,,,SANY,Motor Grader,STG170C-8,12ft,2021,,,,plant,,2026-06-18 12:54:09,registered,
160,SL-02,SL02,,,BOB CAT,Skid Steer,S130,0.36 m3,2014,A1Z773279,,,plant,,2026-06-18 12:54:09,registered,
161,SL-03,SL03,,,BOB CAT,Skid Steer,S130,0.36 m3,2014,B1E51475,,,plant,,2026-06-18 12:54:09,registered,
162,SL-04,SL04,,,BOB CAT,Skid Steer,S130,0.36 m3,2014,A1Z778258,,,plant,,2026-06-18 12:54:09,registered,
163,SL-05,SL05,,,BOB CAT,Skid Steer,S130,0.36 m3,2017,B1E64128,,,plant,,2026-06-18 12:54:09,registered,
164,SL-06,SL06,,,BOB CAT,Skid Steer,,0.36 m3,2017,A1Z778745,,,plant,,2026-06-18 12:54:09,registered,
165,SL-07,SL07,,,BOB CAT,Skid Steer,,0.36 m3,2017,A1Z773288,,,plant,,2026-06-18 12:54:09,registered,
166,SL-08,SL08,,,CAT,Skid Steer,216B3,0.36 m3,2017,,,,plant,,2026-06-18 12:54:09,registered,
167,SL-09,SL09,,,BOB CAT,Skid Steer,S-450,0.36 m3,2017,B1E615908,,,plant,,2026-06-18 12:54:09,registered,
168,SL-10,SL10,,,BOB CAT S450,Skid Steer,S-450,0.36 m3,2017,B1E615909,,,plant,,2026-06-18 12:54:09,registered,
169,SL-11,SL11,,,BOB CAT,Skid Steer,S-450,0.36 m3,2017,B1E615910,,,plant,,2026-06-18 12:54:09,registered,
170,SL-12,SL12,,,BOB CAT,Skid Steer,S-450,0.3 m3,2016,B1E615954,,7FU173,plant,,2026-06-18 12:54:09,registered,
171,SL-13,SL13,,,BOB CAT,Skid Steer,S-450,0.3 m3,2016,B1E615785,,7FQ9504,plant,,2026-06-18 12:54:09,registered,
172,SL-14,SL14,,,BOB CAT,Skid Steer,S-450,0.3 m3,2016,B1E617061,,7GD4914,plant,,2026-06-18 12:54:09,registered,
173,SL-15,SL15,,,BOB CAT,Skid Steer,S-450,0.3 m3,2016,B1E617027,,7GA7328,plant,,2026-06-18 12:54:09,registered,
174,SL-16,SL16,,,BOB CAT,Skid Steer,S-450,0.3 m3,2017,B1E615267,,7FL6443,plant,,2026-06-18 12:54:09,registered,
175,SL-17,SL17,,,BOB CAT,Skid Steer,S-450,0.3 m3,2017,B1E615270,,7FM1150,plant,,2026-06-18 12:54:09,registered,
176,SL-18,SL18,,,BOB CAT,Skid Steer,S-450,0.3 m3,2017,B1E617171,,7GH5269,plant,,2026-06-18 12:54:09,registered,
177,SL-24,SL24,,,BOB CAT,Skid Steer,S-16,0.3 m3,2021,B47F11951,,7ME7834,plant,,2026-06-18 12:54:09,registered,
178,SL-25,SL25,,,BOB CAT,Skid Steer,S-16,0.3 m3,2021,B47F11952,,7ME7688,plant,,2026-06-18 12:54:09,registered,
179,AP-08,AP08,,,VOLVO,Asphalt  Paver,P6820C,,2019,,,,plant,,2026-06-18 12:54:09,registered,
180,AP-09,AP09,,,SUMITOMO,Asphalt  Paver,HA60W-7,,2012,,,,plant,,2026-06-18 12:54:09,registered,
181,AP-10,AP10,,,DYNAPAC,Asphalt  Paver,SD2500C,,2020,,,,plant,,2026-06-18 12:54:09,registered,
182,AP-11,AP11,,,SUMITOMO,Asphalt  Paver,HA60W-5,,2006,13570,,,plant,,2026-06-18 12:54:09,registered,
183,BS-01,BS01,43-3416,433416,ASHOK LEYLAND,Bitumen Bowser,COMET SUPER,4000  Ltrs.,1992,,,,plant,,2026-06-18 12:54:09,registered,
184,BS-02,BS02,LL-0623,LL0623,TATA,Bitumen Bowser,LPT 709,4000 Ltrs.,2013,MAT386542D8R26257,MAT386542D8R26257,497TC93HWY840378,plant,,2026-06-18 12:54:09,registered,
185,BS-04,BS04,LM-2298,LM2298,FOTON,Bitumen Bowser,BJ1056R,4000  Ltrs.,2012,,,,plant,,2026-06-18 12:54:09,registered,
186,BS-05,BS05,ZB-1469,ZB1469,DFAC,Bitumen Bowser,EQ1110SJ8BDC,3856cc,2019,,,,plant,,2026-06-18 12:54:09,registered,
187,CR-01,CR01,ZA-8395,ZA8395,TADANO,Mobile Crane,TR-350M-3-00101,35T,1998,506167,,,plant,,2026-06-18 12:54:09,registered,
188,CR-02,CR02,ZA-9716,ZA9716,KOBELCO,Mobile Crane,RK 250,25T,1995,,,,plant,,2026-06-18 12:54:09,registered,
189,BM-01,BM01,48-4849,484849,FREIGHT ROVER,Boom truck,,3T,1996,,,,plant,,2026-06-18 12:54:09,registered,
190,BM-02,BM02,LC-0434,LC0434,TATA,Boom truck,LPT1613,3T,2006,,,,plant,,2026-06-18 12:54:09,registered,
191,BM-03,BM03,LN-8277,LN8277,ISUZU,Boom truck,PJ.CYZ51V5.OIOA,5T,2005,CYZ51V57000104,CYZ51V57000104,6WF1-137603,plant,,2026-06-18 12:54:09,registered,
192,BM-04,BM04,LN-8278,LN8278,ISUZU,Boom truck,KL.FSR34LARFORWARD,3T,2003,FSR34L47000466,FSR34L47000466,832137,plant,,2026-06-18 12:54:09,registered,
193,BM-05,BM05,LK-5041,LK5041,TATA,Bed,LPT2516,5T,2010,,,,plant,,2026-06-18 12:54:09,registered,
194,PC-01,PC01,ZA-8373,ZA8373,HINO,Pump Truck,FS1EWY,34M,2008,FS1EWY-10707,10707,15126,plant,,2026-06-18 12:54:09,registered,
195,PC-02,PC02,ZB-1496,ZB1496,SANY,Pump Truck,LZZ1BCKH2KW579978,6870.00 cc,2019,LZZ1BCKH2KW579978,,*190907800177,plant,,2026-06-18 12:54:09,registered,
196,DC-06,DC06,PA-4193,PA4193,TOYOTA,Double Cab,HILUX,2496 cc,2005,,,,plant,,2026-06-18 12:54:09,registered,
197,DC-07,DC07,51-8083,518083,DATZEN,Double Cab,MOTOR PIC-UP,2500 cc,,,,,plant,,2026-06-18 12:54:09,registered,
198,DC-08,DC08,59-5421,595421,ISUZU,Double Cab,MOTOR PIC-UP,2499 cc,1997,,JAATFR54HV-9102969,,plant,,2026-06-18 12:54:09,registered,
199,DC-10,DC10,28-4314,284314,DATZEN,Double Cab,MOTOR PIC-UP,2499 cc,1985,,,,plant,,2026-06-18 12:54:09,registered,
200,DC-11,DC11,HU-5097,HU5097,MITSUBISHI,Double Cab,L 200,2477 cc,2003,,MMBJNK7404D007137,4D56BL4085,plant,,2026-06-18 12:54:09,registered,
201,DC-12,DC12,253-2574,2532574,MITSUBISHI,Double Cab,MOTOR PIC-UP,2500 cc,1999,,,,plant,,2026-06-18 12:54:09,registered,
202,DC-14,DC14,PD-6917,PD6917,MAHINDRA,Double Cab,BOLERO CAMPER GOLD,2523 cc,2011,,,,plant,,2026-06-18 12:54:09,registered,
203,DC-15,DC15,PE-6582,PE6582,MITSUBISHI,Double Cab,L 200,2477 cc,2008,,,,plant,,2026-06-18 12:54:09,registered,
204,DC-16,DC16,PA-4102,PA4102,VOLKSWAGON,Double Cab,T5 TRANSPORTER,1896 cc,2005,,,,plant,,2026-06-18 12:54:09,registered,
205,DC-18,DC18,PE-5879,PE5879,TOYOTA,Double Cab,HILUX VIGO,2933 cc,2008,,,,plant,,2026-06-18 12:54:09,registered,
206,DC-19,DC19,PD-8451,PD8451,TOYOTA,Double Cab,HILUX VIGO,2998 cc,2007,,,,plant,,2026-06-18 12:54:09,registered,
207,DC-20,DC20,PH-0765,PH0765,MAHINDRA,Double Cab,BOLERO CAMPER GOLD,2523 cc,2015,,,,plant,,2026-06-18 12:54:09,registered,
208,DC-21,DC21,PH-3945,PH3945,MAHINDRA,Double Cab,IMPERIO DCVX,2489 cc,2016,,,,plant,,2026-06-18 12:54:09,registered,
209,DC-22,DC22,PE-3911,PE3911,TOYOTA,Double Cab,HILUX,2494 cc,2012,,,,plant,,2026-06-18 12:54:09,registered,
210,DC-23,DC23,PD-4739,PD4739,TOYOTA,Double Cab,HILUX,2494 cc,2007,,,,plant,,2026-06-18 12:54:09,registered,
211,DC-24,DC24,PC-7812,PC7812,TOYOTA,Double Cab,HILUX HL2 D-4D 4*4,2494 cc,2007,,,,plant,,2026-06-18 12:54:09,registered,
212,DC-25,DC25,PJ-5688,PJ5688,TOYOTA,Double Cab,HILUX,2755 cc,2019,,,,plant,,2026-06-18 12:54:09,registered,
213,DC-26,DC26,PJ-7604,PJ7604,TOYOTA,Double Cab,HILUX,2755cc,2019,,,,plant,,2026-06-18 12:54:09,registered,
214,DC-27,DC27,PJ-7605,PJ7605,TOYOTA,Double Cab,HILUX,2755cc,2019,,,,plant,,2026-06-18 12:54:09,registered,
215,DC-28,DC28,PJ-7606,PJ7606,TOYOTA,Double Cab,HILUX,2755cc,2019,,,,plant,,2026-06-18 12:54:09,registered,
216,DC-29,DC29,PJ-7598,PJ7598,TOYOTA,Double Cab,HILUX,2755cc,2019,,,,plant,,2026-06-18 12:54:09,registered,
217,DC-30,DC30,PJ-7601,PJ7601,TOYOTA,Double Cab,HILUX,2755cc,2019,,,,plant,,2026-06-18 12:54:09,registered,
218,DC-31,DC31,PI-3982,PI3982,TOYOTA,Double Cab,HILUX CUN126R DTTLH,2755cc,2017,,,,plant,,2026-06-18 12:54:09,registered,
219,DC-32,DC32,PH-9072,PH9072,TOYOTA,Double Cab,HILUX,2982CC,2017,,,,plant,,2026-06-18 12:54:09,registered,
220,,,57-3062,573062,TOYOTA,Double Cab,,,,,,,plant,,2026-06-18 12:54:09,registered,
221,PV-01,PV01,51-7158,517158,TOYOTA,Van,LITEACE,1830 cc,1987,,,,plant,,2026-06-18 12:54:09,registered,
222,HCC-01,HCC01,PA-4879,PA4879,TOYOTA,Crew cab,KO-LY132,2980 cc,2000,,,,plant,,2026-06-18 12:54:09,registered,
223,HCC-02,HCC02,PA-6398,PA6398,TOYOTA,Crew cab,KC-LY101,2770 cc,1997,,,,plant,,2026-06-18 12:54:09,registered,
224,HCC-03,HCC03,PA-6399,PA6399,TOYOTA,Crew cab,KC-LY111,2770 cc,1997,,,,plant,,2026-06-18 12:54:09,registered,
225,HCC-04,HCC04,325-3448,3253448,TOYOTA,Crew cab,BU19,2880 cc,1973,,,,plant,,2026-06-18 12:54:09,registered,
226,HCC-05,HCC05,PH-6742,PH6742,JMC,Crew cab,JX1032DSR,2771 cc,2016,LEFAFAA14HHNO1343,,JX493Q1GC177331,plant,,2026-06-18 12:54:09,registered,
227,HCC-06,HCC06,PH-6744,PH6744,JMC,Crew cab,JX1032DSR,2771 cc,2016,LEFAFAA1XHHNO1346,,JX493Q1GC177332,plant,,2026-06-18 12:54:09,registered,
228,HCC-07,HCC07,PH-6747,PH6747,JMC,Crew cab,JX1032DSR,2771 cc,2016,LEFAFAA16HHNO1344,,JX493Q1GC177333,plant,,2026-06-18 12:54:09,registered,
229,HCC-08,HCC08,LN-1867,LN1867,JMC,Crew cab,1X1041DSLA2RS,2771 cc,2017,LEFAFAG24HHN11323,,JX493Q1H2015378,plant,,2026-06-18 12:54:09,registered,
230,HCC-09,HCC09,PJ-6376,PJ6376,JMC,Crew cab,JX1032DSR,2771 cc,2019,LEFAFAA18HHNA1762,,JX1032DSR,plant,,2026-06-18 12:54:09,registered,
231,HCC-10,HCC10,40-8060,408060,DATSUN,Crew cab,AGY720-921207,,1984,AGY720-921207,,SD23-129819,plant,,2026-06-18 12:54:09,registered,
232,HCC-11,HCC11,LO-9810,LO9810,ISUZU,Crew cab,PR75KJ7104331,5193 CC,2018,JAANPR75KJ7104331,,750944,plant,,2026-06-18 12:54:09,registered,
233,SC-02,SC02,LB-4824,LB4824,TATA,SINGLE CAB,207 DI,,2006,MAT37441659R54587,,,plant,,2026-06-18 12:54:09,registered,
234,SC-04,SC04,PT-1569,PT1569,TATA,Single Cab,207DI/28,2956 cc,2012,,,,plant,,2026-06-18 12:54:09,registered,
235,SC-06,SC06,PY-2408,PY2408,TATA,Single Cab,207 RX PICKUP,2956 cc,2014,MAT478012E9R04359,,AADN0146,plant,,2026-06-18 12:54:09,registered,
236,SC-07,SC07,PX-2180,PX2180,DFSK,Single Cab,EQ1020DR,1357 cc,2013,,,,plant,,2026-06-18 12:54:09,registered,
237,SC-08,SC08,PR-1504,PR1504,TATA,Single Cab,ACE,702 cc,2011,,,,plant,,2026-06-18 12:54:09,registered,
238,SC-09,SC09,PR-1469,PR1469,TATA,Single Cab,ACE,702 CC,2011,,,,plant,,2026-06-18 12:54:09,registered,
239,SC-10,SC10,DAH-2228,DAH2228,MAHINDRA,Single Cab,BMT PLUS MTI,2523cc,2019,,ZP2TBKK2H98672,TBK4H86397,plant,,2026-06-18 12:54:09,registered,
240,SC-11,SC11,DAH-2229,DAH2229,MAHINDRA,Single Cab,BMT PLUS MTI,2523cc,2019,,,,plant,,2026-06-18 12:54:09,registered,
241,SC-12,SC12,DAH-2230,DAH2230,MAHINDRA,Single Cab,BMT PLUS MTI,2523cc,2019,ZP21BKK2H98703,,TBK4H74953,plant,,2026-06-18 12:54:09,registered,
242,SC-13,SC13,DAH-2231,DAH2231,MAHINDRA,Single Cab,BMT PLUS MTI,2523cc,2019,,,,plant,,2026-06-18 12:54:09,registered,
243,SC-14,SC14,DAH-2491,DAH2491,TATA,Single Cab,YODHA BSIV,2956cc,2019,MAT464602KSR10788,,,plant,,2026-06-18 12:54:09,registered,
244,SC-15,SC15,47-5112,475112,LITEACE,Single Cab,,,,,,,plant,,2026-06-18 12:54:09,registered,
245,DT-01,DT01,LB-9496,LB9496,ASHOK LELAND,Dump Truck,COMET,03 Cube,2006,,,,plant,,2026-06-18 12:54:09,registered,
246,DT-02,DT02,LL-0920,LL0920,TATA,Dump Truck,LPK 407,01 Cube,2013,,,,plant,,2026-06-18 12:54:09,registered,
247,DT-03,DT03,LK-4057,LK4057,ASHOK LELAND,Dump Truck,COMMET TIPPER 1613,03 Cube,2012,,,,plant,,2026-06-18 12:54:09,registered,
248,DT-04,DT04,HS-1794,HS1794,ASHOK LELAND,Dump Truck,COMET,03 Cube,2003,,,,plant,,2026-06-18 12:54:09,registered,
249,DT-05,DT05,HS-1773,HS1773,ASHOK LELAND,Dump Truck,COMET,03 Cube,2003,,,,plant,,2026-06-18 12:54:09,registered,
250,DT-07,DT07,LI-7618,LI7618,TATA,Dump Truck,LPK 1615,03 Cube,2011,,,,plant,,2026-06-18 12:54:09,registered,
251,DT-08,DT08,LI-7620,LI7620,TATA,Dump Truck,LPK 1615,03 Cube,2011,,,,plant,,2026-06-18 12:54:09,registered,
252,DT-09,DT09,LI-7701,LI7701,TATA,Dump Truck,LPK 1615,03 Cube,2011,,,,plant,,2026-06-18 12:54:09,registered,
253,DT-10,DT10,LK-6740,LK6740,TATA,Dump Truck,LPK 407,01 Cube,2012,,,,plant,,2026-06-18 12:54:09,registered,
254,DT-11,DT11,LK-6738,LK6738,TATA,Dump Truck,LPK 407,01 Cube,2012,,,,plant,,2026-06-18 12:54:09,registered,
255,DT-12,DT12,LK-2276,LK2276,TATA,Dump Truck,LPK 909,02 Cube,2012,,,,plant,,2026-06-18 12:54:09,registered,
256,DT-13,DT13,LK-2366,LK2366,TATA,Dump Truck,LPK 909,02 Cube,2012,,,,plant,,2026-06-18 12:54:09,registered,
257,DT-14,DT14,LK-4056,LK4056,ASHOK LELAND,Dump Truck,COMMET TIPPER 1613,03 Cube,2012,,,,plant,,2026-06-18 12:54:09,registered,
258,DT-15,DT15,LM-5722,LM5722,TATA,Dump Truck,LPK 1615,03 Cube,2016,,,,plant,,2026-06-18 12:54:09,registered,
259,DT-16,DT16,LK-4059,LK4059,ASHOK LELAND,Dump Truck,COMMET TIPPER 1613,03 Cube,2012,,,,plant,,2026-06-18 12:54:09,registered,
260,DT-17,DT17,LI-3402,LI3402,ELCHER,Dump Truck,TERRA16 HDR,03 Cube,2011,,,,plant,,2026-06-18 12:54:09,registered,
261,DT-18,DT18,LM-5721,LM5721,TATA,Dump Truck,LPK 1615,03 Cube,2016,,,,plant,,2026-06-18 12:54:09,registered,
262,DT-19,DT19,LI-3396,LI3396,ELCHER,Dump Truck,TERRA16 HDR,03 Cube,2011,,,,plant,,2026-06-18 12:54:09,registered,
263,DT-20,DT20,LI-3401,LI3401,ELCHER,Dump Truck,TERRA16 HDR,03 Cube,2011,,,,plant,,2026-06-18 12:54:09,registered,
264,DT-21,DT21,LI-3395,LI3395,ELCHER,Dump Truck,TERRA16 HDR,03 Cube,2011,,,,plant,,2026-06-18 12:54:09,registered,
265,,,LI-3405,LI3405,ELCHER,Water Bowser,TERRA16 HDR,3 Cube,2011,,,,plant,,2026-06-18 12:54:09,registered,
266,DT-22,DT22,LH-5586,LH5586,ASHOK LELAND,Dump Truck,TAURUS,05 Cube,2010,,,,plant,,2026-06-18 12:54:09,registered,
267,DT-23,DT23,LK-5586,LK5586,ASHOK LELAND,Dump Truck,TAURUS 2516,05 Cube,2010,,,,plant,,2026-06-18 12:54:09,registered,
268,DT-24,DT24,LI-2427,LI2427,ASHOK LELAND,Dump Truck,TAURUS 2516,05 Cube,2011,,,,plant,,2026-06-18 12:54:09,registered,
269,DT-25,DT25,LK-4058,LK4058,ASHOK LELAND,Dump Truck,TAURUS 2516,05 Cube,2012,,,,plant,,2026-06-18 12:54:09,registered,
270,DT-26,DT26,LK-4061,LK4061,ASHOK LELAND,Dump Truck,TAURUS 2516,05 Cube,2012,,,,plant,,2026-06-18 12:54:09,registered,
271,DT-27,DT27,LL-0936,LL0936,ASHOK LELAND,Dump Truck,LPK 407,01 Cube,2013,,,,plant,,2026-06-18 12:54:09,registered,
272,DT-28,DT28,LJ-5203,LJ5203,TATA,Dump Truck,LPK 1615,03 Cube,2012,,,,plant,,2026-06-18 12:54:09,registered,
273,DT-29,DT29,LJ-5559,LJ5559,TATA,Dump Truck,LPK 1615,03 Cube,2012,,,,plant,,2026-06-18 12:54:09,registered,
274,DT-30,DT30,LI-3851,LI3851,TATA,Dump Truck,LPK 1615,03 Cube,2011,,,,plant,,2026-06-18 12:54:09,registered,
275,DT-31,DT31,LE-4986,LE4986,ELCHER,Dump Truck,20.16,03 Cube,2007,,,,plant,,2026-06-18 12:54:09,registered,
276,DT-32,DT32,LM-5719,LM5719,TATA,Dump Truck,LPK 1615,03 Cube,2016,MAT395084G2R20015,,GIH63541925,plant,,2026-06-18 12:54:09,registered,
277,DT-33,DT33,LM-5723,LM5723,TATA,Dump Truck,LPK 1615,03 Cube,2016,,,,plant,,2026-06-18 12:54:09,registered,
278,DT-34,DT34,LM-5720,LM5720,TATA,Dump Truck,LPK 1615,03 Cube,2016,MAT395084G2R18307,,61G63535643,plant,,2026-06-18 12:54:09,registered,
279,DT-35,DT35,LM-7940,LM7940,TATA,Dump Truck,LPK 1615,03 Cube,2016,MAT395084G2R27415,,61L63558715,plant,,2026-06-18 12:54:09,registered,
280,DT-36,DT36,LM-7948,LM7948,TATA,Dump Truck,LPK 1615,03 Cube,2016,MAT395084G2R26339,MAT395084G2R26339,61M63561575,plant,,2026-06-18 12:54:09,registered,
281,DT-37,DT37,LM-7949,LM7949,TATA,Dump Truck,LPK 1615,03 Cube,2016,MAT395084G2R27231,,61M63564327,plant,,2026-06-18 12:54:09,registered,
282,DT-38,DT38,LM-7942,LM7942,TATA,Dump Truck,LPK 1615,03 Cube,2016,MAT395084G2R26369,,61M63561357,plant,,2026-06-18 12:54:09,registered,
283,DT-39,DT39,LM-7951,LM7951,TATA,Dump Truck,LPK 1615,03 Cube,2016,MAT395084G2R26335,,61M63561567,plant,,2026-06-18 12:54:09,registered,
284,DT-40,DT40,LN-9046,LN9046,TATA,Dump Truck,10.80 TIPPER,02 Cube,2017,MC2C8CRC0HL386688,,E413CDHL173452,plant,,2026-06-18 12:54:09,registered,
285,DT-41,DT41,HO-9850,HO9850,ASHOK LELAND,Dump Truck,COMMET TIPPER 1613,03 Cube,2003,,,,plant,,2026-06-18 12:54:09,registered,
286,DT-42,DT42,LO-4822,LO4822,TATA,Dump Truck,LPK 1618,03 Cube,2018,MAT449019J2R10956,,81E63692750,plant,,2026-06-18 12:54:09,registered,
287,DT-43,DT43,LO-4823,LO4823,TATA,Dump Truck,LPK 1618,03 Cube,2018,MAT449019J2R08783,,81C6380361,plant,,2026-06-18 12:54:09,registered,
288,DT-44,DT44,LO-4824,LO4824,TATA,Dump Truck,LPK 1618,03 Cube,2018,MAT449019J2R11384,,81E63693771,plant,,2026-06-18 12:54:09,registered,
289,DT-45,DT45,LO-4816,LO4816,TATA,Dump Truck,LPK 1618,03 Cube,2018,MAT449019J2R10506,,81E63691854,plant,,2026-06-18 12:54:09,registered,
290,DT-46,DT46,LO-4821,LO4821,TATA,Dump Truck,LPK1618,03 Cube,2018,MAT449019J2R10801,,81E63692749,plant,,2026-06-18 12:54:09,registered,
291,DT-47,DT47,LO-5983,LO5983,TATA,Dump Truck,LPK1615TC,03 Cube,2016,MAT-395090J2R13741,,81F63702550,plant,,2026-06-18 12:54:09,registered,
292,DT-48,DT48,LO-5986,LO5986,TATA,Dump Truck,LPK1615TC,03 Cube,2018,MAT395090J2R13525,,81E63699195,plant,,2026-06-18 12:54:09,registered,
293,DT-49,DT49,LO-5984,LO5984,TATA,Dump Truck,LPK1615TC,03 Cube,2016,MAT395090J2R13557,,81E63699194,plant,,2026-06-18 12:54:09,registered,
294,DT-50,DT50,LO-5985,LO5985,TATA,Dump Truck,LPK1615TC,03 Cube,2016,MAT395090J2R12369,,81E63698284,plant,,2026-06-18 12:54:09,registered,
295,DT-51,DT51,LO-5981,LO5981,TATA,Dump Truck,LPK1615TC,03 Cube,2018,MAT395090J2R11103,,81D63689804,plant,,2026-06-18 12:54:09,registered,
296,DT-52,DT52,LA-4229,LA4229,TATA,Dump Truck,COMMET TIPPER 1613,03 Cube,2005,,,,plant,,2026-06-18 12:54:09,registered,
297,DT-53,DT53,LO-7183,LO7183,TATA,Dump Truck,LPK1615TC,03 Cube,2018,MAT395090J2R13238,,81F63701137,plant,,2026-06-18 12:54:09,registered,
298,DT-54,DT54,LO-7180,LO7180,TATA,Dump Truck,LPK1615TC,03 Cube,2018,MAT395090J2R13436,,81F63701330,plant,,2026-06-18 12:54:09,registered,
299,DT-55,DT55,LO-7182,LO7182,TATA,Dump Truck,LPK1615TC,03 Cube,2018,MAT395090J2R13208,,81E63699586,plant,,2026-06-18 12:54:09,registered,
300,DT-56,DT56,LO-7181,LO7181,TATA,Dump Truck,LPK1615TC,03 Cube,2018,MAT395090J2R13252,,81F63701133,plant,,2026-06-18 12:54:09,registered,
301,DT-57,DT57,LO-7184,LO7184,TATA,Dump Truck,LPK1615TC,03 Cube,2018,MAT395090J2R11584,,81E63695590,plant,,2026-06-18 12:54:09,registered,
302,DT-58,DT58,LO-8349,LO8349,TATA,Dump Truck,LPK1615TC,03 Cube,2018,MAT395090J2R12371,,81E63698335,plant,,2026-06-18 12:54:09,registered,
303,DT-59,DT59,LO-8348,LO8348,TATA,Dump Truck,LPK1615TC,03 Cube,2018,MAT395090J2R13210,,81E63699587,plant,,2026-06-18 12:54:09,registered,
304,DT-60,DT60,LO-8350,LO8350,TATA,Dump Truck,LPK1615TC,03 Cube,2018,MAT395090J2R12140,,81D63689806,plant,,2026-06-18 12:54:09,registered,
305,DT-61,DT61,LP-1581,LP1581,TATA,Dump Truck,LPK1618,03.6 CUBE,2021,MAT449042M5R00148,,12963876312,plant,,2026-06-18 12:54:09,registered,
306,DT-62,DT62,LP-1573,LP1573,TATA,Dump Truck,LPK1618,03.6 CUBE,2021,MAT449042M5R00153,,12963876304,plant,,2026-06-18 12:54:09,registered,
307,DT-63,DT63,LP-1567,LP1567,TATA,Dump Truck,LPK1618,03.6 CUBE,2021,MAT449042M5R00158,,12963876315,plant,,2026-06-18 12:54:09,registered,
308,DT-64,DT64,LP-1576,LP1576,TATA,Dump Truck,LPK1618,03.6 CUBE,2021,MAT449042M5R00155,,12963876153,plant,,2026-06-18 12:54:09,registered,
309,DT-65,DT65,LP-1571,LP1571,TATA,Dump Truck,LPK1618,03.6 CUBE,2021,MAT449042M5R00161,,12963875864,plant,,2026-06-18 12:54:09,registered,
310,DT-66,DT66,LP-1582,LP1582,TATA,Dump Truck,LPK1618,03.6 CUBE,2021,MAT449042M5R00147,,12963875865,plant,,2026-06-18 12:54:09,registered,
311,DT-67,DT67,LP-1572,LP1572,TATA,Dump Truck,LPK1618,03.6 CUBE,2021,MAT449042M5R00160,,12963875867,plant,,2026-06-18 12:54:09,registered,
312,DT-68,DT68,LP-1569,LP1569,TATA,Dump Truck,LPK1618,03.6 CUBE,2021,MAT449042M5R00162,,12963875861,plant,,2026-06-18 12:54:09,registered,
313,DT-69,DT69,LP-1579,LP1579,TATA,Dump Truck,LPK1618,03.6 CUBE,2021,MAT449042M5R00151,,12963876189,plant,,2026-06-18 12:54:09,registered,
314,DT-70,DT70,LP-1574,LP1574,TATA,Dump Truck,LPK1618,03.6 CUBE,2021,MAT449042M5R00154,,12963875863,plant,,2026-06-18 12:54:09,registered,
315,DT-71,DT71,LP-1578,LP1578,TATA,Dump Truck,LPK1618,03.6 CUBE,2021,MAT449042M5R00157,,12963876320,plant,,2026-06-18 12:54:09,registered,
316,DT-72,DT72,LP-1580,LP1580,TATA,Dump Truck,LPK1618,03.6 CUBE,2021,MAT449042M5R00150,,12963876316,plant,,2026-06-18 12:54:09,registered,
317,DT-73,DT73,LP-1568,LP1568,TATA,Dump Truck,LPK1618,03.6 CUBE,2021,MAT449042M5R00164,,12963876154,plant,,2026-06-18 12:54:09,registered,
318,DT-74,DT74,LP-1577,LP1577,TATA,Dump Truck,LPK1618,03.6 CUBE,2021,MAT449042M5R00156,,12963876152,plant,,2026-06-18 12:54:09,registered,
319,DT-75,DT75,LP-1566,LP1566,TATA,Dump Truck,LPK1618,03.6 CUBE,2021,MAT449042M5R00159,,12963875862,plant,,2026-06-18 12:54:09,registered,
320,DT-76,DT76,LP-1710,LP1710,TATA,Dump Truck,LPK1618,03.6 CUBE,2021,MAT449042M5R00146,,12G63875860,plant,,2026-06-18 12:54:09,registered,
321,DT-77,DT77,LP-1719,LP1719,TATA,Dump Truck,LPK1618,03.6 CUBE,2021,MAT449042M5R00183,,12G63876192,plant,,2026-06-18 12:54:09,registered,
322,DT-78,DT78,LP-1709,LP1709,TATA,Dump Truck,LPK1618,03.6 CUBE,2021,MAT449042M5R00145,,12G63875866,plant,,2026-06-18 12:54:09,registered,
323,DT-79,DT79,LP-1713,LP1713,TATA,Dump Truck,LPK1618,03.6 CUBE,2021,MAT449042M5R00152,,12G63876323,plant,,2026-06-18 12:54:09,registered,
324,DT-80,DT80,LP-1720,LP1720,TATA,Dump Truck,LPK1618,03.6 CUBE,2021,MAT449042M5R00189,,12G63876322,plant,,2026-06-18 12:54:09,registered,
325,DT-81,DT81,LP-1715,LP1715,TATA,Dump Truck,LPK1618,03.6 CUBE,2021,MAT449042M5R00184,,12G63876313,plant,,2026-06-18 12:54:09,registered,
326,DT-82,DT82,LP-1716,LP1716,TATA,Dump Truck,LPK1618,03.6 CUBE,2021,MAT449042M5R00149,,12G63876317,plant,,2026-06-18 12:54:09,registered,
327,DT-83,DT83,LP-1712,LP1712,TATA,Dump Truck,LPK1618,03.6 CUBE,2021,MAT449042M5R00188,,12G63876156,plant,,2026-06-18 12:54:09,registered,
328,DT-84,DT84,LP-1711,LP1711,TATA,Dump Truck,LPK1618,03.6 CUBE,2021,MAT449042M5R00163,,12G63876308,plant,,2026-06-18 12:54:09,registered,
329,DT-85,DT85,LP-1718,LP1718,TATA,Dump Truck,LPK1618,03.6 CUBE,2021,MAT449042M5R00191,,12G63875859,plant,,2026-06-18 12:54:09,registered,
330,BD-01,BD01,LL-1782,LL1782,ISUZU,Bed,GIGA,19000 cc,1995,CYH81W1-3000141,CYH81W1-3000141,,plant,,2026-06-18 12:54:09,registered,
331,BD-02,BD02,GL-0019,GL0019,RENAULT,Prime Mover,,9834 cc,1996,,,,plant,,2026-06-18 12:54:09,registered,
332,BD-03,BD03,LY-1614,LY1614,TATA,Bed,LPS4018,5883 cc,2011,,,,plant,,2026-06-18 12:54:09,registered,
333,BD-04,BD04,LY-4524,LY4524,RENAULT,Prime Mover,PREMIUM,10837cc,2012,,,,plant,,2026-06-18 12:54:09,registered,
334,BD-05,BD05,LM-6653,LM6653,ASHOK LELAND,Bed,TAURUS 2518,5799 cc,2016,MBIDTHFC9GRBP2358,,GBHZ112220,plant,,2026-06-18 12:54:09,registered,
335,BD-06,BD06,325-5120,3255120,ASHOK LELAND,Bed,CAROO 709,4200 cc,1998,,,,plant,,2026-06-18 12:54:09,registered,
336,BD-08,BD08,LN-8279,LN8279,HINO,Bed,PROFLA,12913 00 cc,2008,,,,plant,,2026-06-18 12:54:09,registered,
337,,,HD-9005,HD9005,TANTRI,Lorry Trailer,TSK 20,,2003,,,,plant,,2026-06-18 12:54:09,registered,
338,,,LX-1679,LX1679,TANTRI,Lorry Trailer,TFB40,,2011,,,,plant,,2026-06-18 12:54:09,registered,
339,,,LX-1045,LX1045,,Lorry Trailer,,,,,,,plant,,2026-06-18 12:54:09,registered,
340,DB-01,DB01,LA-9208,LA9208,TATA,Diesel Bowser,207 DI,1000L.,2005,,,,plant,,2026-06-18 12:54:09,registered,
341,DB-02,DB02,68-5115,685115,ISUZU,DIESEL BOUSER,207 DI,4000  Ltrs.,1990,,,,plant,,2026-06-18 12:54:09,registered,
342,DB-03,DB03,40-2955,402955,NISSAN,Diesel Bowser,ATLAS,2000L,,,,,plant,,2026-06-18 12:54:09,registered,
343,DB-04,DB04,41-1130,411130,ISUZU,Diesel Bowser,,3000L,2005,,KT25-4805974,,plant,,2026-06-18 12:54:09,registered,
344,DB-05,DB05,LA-1359,LA1359,TATA,Diesel Bowser,,,,,,,plant,,2026-06-18 12:54:09,registered,
345,,,PV-6889,PV6889,TATA,Single Cab,207DI/28,2956 cc,2012,,,,plant,,2026-06-18 12:54:09,registered,
346,HEX-01,HEX01,,,VOLVO,Excavator,EC210V,220,2013,75768,,,plant,,2026-06-18 12:54:09,registered,
347,HEX-05,HEX05,,,KOMATSU,Excavator,PC60,60,2009,,,,plant,,2026-06-18 12:54:09,registered,
348,HEX-17,HEX17,,,HYUNDAI,Excavator,0BEX220LC-9S,220,,HZ614PG000A361,,145/107/1950,plant,,2026-06-18 12:54:09,registered,
349,HEX-18,HEX18,,,HITHACHI,Excavator,EX75UR-3,75,2014,,,,plant,,2026-06-18 12:54:09,registered,
350,HEX-19,HEX19,,,KOMATSU,Excavator,PC-120-6EO,120,2009,,,,plant,,2026-06-18 12:54:09,registered,
351,HEX-21,HEX21,,,KOBELKO,Excavator,SK115SR,120,2012,,,,plant,,2026-06-18 12:54:09,registered,
352,HEX-22,HEX22,,,CATAPILLAR,Excavator,314C,120,2014,,,,plant,,2026-06-18 12:54:09,registered,
353,HEX-23,HEX23,,,KOBELKO,Excavator,200,200,2015,,,,plant,,2026-06-18 12:54:09,registered,
354,HEX-26,HEX26,,,HYUNDAI,Excavator,R230LM,230,2017,N637D00040,,,plant,,2026-06-18 12:54:09,registered,
355,HEX-27,HEX27,,,HYUNDAI,Excavator,R230LM,230,2017,N637D00045,,,plant,,2026-06-18 12:54:09,registered,
356,HEX-28,HEX28,,,KOMATSU,Excavator,PC-60-6,60,2012,,,,plant,,2026-06-18 12:54:09,registered,
357,HEX-29,HEX29,,,CAT,Excavator,CAT308CCR,75,2013,,,,plant,,2026-06-18 12:54:09,registered,
358,HEX-33,HEX33,,,HYUNDAI,Excavator,R230LM,230,2017,N637D00042,,,plant,,2026-06-18 12:54:09,registered,
359,HEX-36,HEX36,,,HYUNDAI,Excavator,E55W,55,2018,AEFB11320,,,plant,,2026-06-18 12:54:09,registered,
360,HEX-37,HEX37,,,HYUNDAI,Excavator,(ROBEX330LC-96),330,,HHKHZ905PJ0004358,,,plant,,2026-06-18 12:54:09,registered,
361,HEX-39,HEX39,,,,Excavator,E55W,,,AEFB11339,,,plant,,2026-06-18 12:54:09,registered,
362,HEX-40,HEX40,,,SANTUI,Excavator,SE210,210,,SE210AA000558,,,plant,,2026-06-18 12:54:09,registered,
363,HEX-41,HEX41,,,HYUNDAI,Excavator,220LC-7,,,,,,plant,,2026-06-18 12:54:09,registered,
364,HEX-42,HEX42,,,CASE,Excavator,CX220C LC HD,220,2021,NKJ22CLMAMKA00179,,,plant,,2026-06-18 12:54:09,registered,
365,HEX-43,HEX43,,,CASE,Excavator,CX220C LC HD,220,2021,NKJ22CLMCMKA00180,,,plant,,2026-06-18 12:54:09,registered,
366,HEX-45,HEX45,,,CASE,Excavator,CX220C LC HD,220,2021,NKJ22CLMTMKA00254,,,plant,,2026-06-18 12:54:09,registered,
367,HEX-46,HEX46,,,CASE,Excavator,CX220C LC HD,220,2021,NKJ22CLMHMKA00248,,,plant,,2026-06-18 12:54:09,registered,
368,WB-02,WB02,43-1191,431191,TATA,Water Bowser,1210SE-CLOSED,8000 L,1991,,,,plant,,2026-06-18 12:54:09,registered,
369,WB-18,WB18,LO-1059,LO1059,TATA,Water Bowser,LPT1615TC,10000 L,2018,,,,plant,,2026-06-18 12:54:09,registered,
370,WB-20,WB20,LD-8875,LD8875,TATA,Water Bowser,1613,,,,,,plant,,2026-06-18 12:54:09,registered,
371,,,49-2288,492288,MF135,Farm Tractor,,,,,,,plant,,2026-06-18 12:54:09,registered,
372,FT-02,FT02,49-2289,492289,MASSEY FURGUSON,Farm Tractor,135,1610 cc,1974,,,,plant,,2026-06-18 12:54:09,registered,
373,FT-03,FT03,RA-3051,RA3051,TAFE,Farm Tractor,45DI,2250 cc,2005,,,,plant,,2026-06-18 12:54:09,registered,
374,FT-04,FT04,RA-3052,RA3052,TAFE,Farm Tractor,45DI,2250 cc,2005,,,,plant,,2026-06-18 12:54:09,registered,
375,FT-06,FT06,RD-3536,RD3536,MAHINDRA,Farm Tractor,575DI,2523 cc,2012,,,,plant,,2026-06-18 12:54:09,registered,
376,FT-07,FT07,RC-9894,RC9894,TAFE,Farm Tractor,45DI,2500 cc,2012,T725514,T725514,8325D83609,plant,,2026-06-18 12:54:09,registered,
377,FT-08,FT08,RD-3537,RD3537,MAHINDRA,Farm Tractor,575DI,2523 cc,2012,,,,plant,,2026-06-18 12:54:09,registered,
378,FT-09,FT09,49-5294,495294,MASSEY FURGUSON,Farm Tractor,45DI,2500 cc,1980,,,,plant,,2026-06-18 12:54:09,registered,
379,FT-10,FT10,RD-6318,RD6318,MAHINDRA,Farm Tractor,275 DI,2048 cc,2012,,,,plant,,2026-06-18 12:54:09,registered,
380,FT-11,FT11,RF-0748,RF0748,MASSEY FEROUSON,Tractor - 04 wheel,MF 240,2500 CC,2008,,,,plant,,2026-06-18 12:54:09,registered,
381,,,RG-3189,RG3189,MASSEY FEROUSON,Tractor - 04 wheel,MF 240,2500 CC,,,,,plant,,2026-06-18 12:54:09,registered,
382,,,RG-3187,RG3187,,,,2500 CC,,,,,plant,,2026-06-18 12:54:09,registered,
383,FL-02,FL02,,,BLADE FOCK LIFT,FOCK LIFT,,,,,,,plant,,2026-06-18 12:54:09,registered,
384,FL-03,FL03,,,BLADE FOCK LIFT,FOCK LIFT,,,,,,,plant,,2026-06-18 12:54:09,registered,
385,MB-11,MB11,BET-3726,BET3726,BAJAJ,Motor Bicycle,PLATINA,102 cc,,,,,bike,BADALGAMA,2026-06-18 12:54:09,registered,
386,MB-13,MB13,TS-5399,TS5399,BAJAJ,Motor Bicycle,DISCOVER DTSI,125 cc,,MD2DSD5ZZPCC12865,,,bike,BADALGAMA,2026-06-18 12:54:09,registered,
387,MB-14,MB14,XG-6801,XG6801,BAJAJ,Motor Bicycle,PLATINA BM 125,125 cc,,MD2DDJKZZUWH72456,,,bike,BADALGAMA,2026-06-18 12:54:09,registered,
388,MB-19,MB19,BET-3772,BET3772,BAJAJ,Motor Bicycle,PLATINA,102 cc,,MD2A76AZ2HWK41111,,,bike,BADALGAMA(MR.RAJAPAKSHA'S BIKE),2026-06-18 12:54:09,registered,
389,MB-22,MB22,BAB-8828,BAB8828,BAJAJ,Motor Bicycle,PLATINA BM 125,124.60 cc,,MD2A19AZ7CWC00522,,,bike,BADALGAMA,2026-06-18 12:54:09,registered,
390,MB-25,MB25,BDJ-2374,BDJ2374,BAJAJ,Motor Bicycle,PLATINA,102 cc,,MD2A76AZ2FWJ44231,,,bike,KATANA SITE(MR.PRADEEP-TO),2026-06-18 12:54:09,registered,
391,MB-31,MB31,BAB-8839,BAB8839,BAJAJ,Motor Bicycle,PLATINA BM 125,124.60 cc,,MD2A19AZ0CWH07164,,,bike,BADALGAMA,2026-06-18 12:54:09,registered,
392,MB-33,MB33,BAN-2021,BAN2021,BAJAJ,Motor Bicycle,PLATINA BM 125,124.60 cc,,,,,bike,BADALGAMA,2026-06-18 12:54:09,registered,
393,MB-36,MB36,BIE-8552,BIE8552,PLATINA,Motor Bicycle,PLATINA,102 cc,,ME4JC679MJ8001994,,,bike,BADALGAMA,2026-06-18 12:54:09,registered,
394,MB-37,MB37,BDI-8556,BDI8556,PLATINA,Motor Bicycle,PLATINA,102 cc,,MD2A76AZ0FWJ44292,,,bike,BADALGAMA,2026-06-18 12:54:09,registered,
395,,,BHT-3482,BHT3482,,Motor Bicycle,,,,,,,bike,BADALGAMA,2026-06-18 12:54:09,registered,
396,,,BGY-6440,BGY6440,HONDA,Motor Bicycle,C 50,49 CC,,C50-9742232,,,bike,BADALGAMA(MR.CHAMILA'S BIKE),2026-06-18 12:54:09,registered,
397,,,BGY-6446,BGY6446,HONDA,Motor Bicycle,C 50,49 CC,,C50-9791010,,,bike,BADALGAMA,2026-06-18 12:54:09,registered,
398,,,BGY-6445,BGY6445,HONDA,Motor Bicycle,C 50,49 CC,,C50-0529599,,,bike,BADALGAMA,2026-06-18 12:54:09,registered,
399,,,BIE-8589,BIE8589,HONDA,Motor Bicycle,CB SHINE,124 CC,,MF4JC65BHKG000509,,,bike,SENT TO HD(FOR C.COM),2026-06-18 12:54:09,registered,
400,,,BID-8738,BID8738,,Motor Bicycle,,,,,,,bike,BADALGAMA,2026-06-18 12:54:09,registered,
401,,,BIE-8564,BIE8564,HONDA,Motor Bicycle,CB SHINE,124 CC,,ME4JC65BCJT027595,,,bike,BADALGAMA,2026-06-18 12:54:09,registered,
402,,,BIE-8576,BIE8576,HONDA,Motor Bicycle,CB SHINE,124 CC,,ME4JC65BJJT080434,,,bike,BADALGAMA,2026-06-18 12:54:09,registered,
403,,,BID-8756,BID8756,,Motor Bicycle,,125CC,,MD2B44BY5KWD45805,,,bike,SENT TO HD(FOR SOLUTION),2026-06-18 12:54:09,registered,
404,,,BIE-8724,BIE8724,HONDA,Motor Bicycle,CD DREAM DLX 110,109 CC,,ME4JC679MJ8001960,,,bike,BADALGAMA(MR.FRANK'S BIKE),2026-06-18 12:54:09,registered,
405,,,BGM-2094,BGM2094,BAJAJ,Motor Bicycle,DISCOVER 125,124.6 CC,,MD2A15BY8JWK40326,,,bike,BADALGAMA,2026-06-18 12:54:09,registered,
406,,,BGY-6447,BGY6447,HONDA,Motor Bicycle,C 50,49 CC,,AA01-1115643,,,bike,BADALGAMA,2026-06-18 12:54:09,registered,
407,,,BII-2094,BII2094,HONDA,Motor Bicycle,CB SHINE,124CC,,ME4JC65BKKG000814,,,bike,BADALGAMA,2026-06-18 12:54:09,registered,
408,,,BGG-6941,BGG6941,BAJAJ,Motor Bicycle,DISCOVER 125,125CC,,MD2A15BYJJWL41226,,,bike,MR.MANOJ,2026-06-18 12:54:09,registered,
409,,,BIE-8557,BIE8557,HONDA,Motor Bicycle,CB SHINE,124CC,,ME4JC65BBJT013892,,,bike,,2026-06-18 12:54:09,registered,
410,,,BIE-8538,BIE8538,HONDA,Motor Bicycle,CD DREAM DLX 110,109CC,,ME4JC679MJ8001952,,,bike,,2026-06-18 12:54:09,registered,
411,,,BIG-4996,BIG4996,BAJAJ,Motor Bicycle,DISCOVER 125,125CC,,,,,bike,,2026-06-18 12:54:09,registered,
412,,,BII-2176,BII2176,BAJAJ,Motor Bicycle,DISCOVER 125,124.6CC,,ME4JC65BKKG000804,,,bike,ISSUED FROM H/O TO SOLUTION,2026-06-18 12:54:09,registered,
413,BID-8556,BID8556,,,,,,,,,,,plant,,2026-06-20 02:51:47,pending,3
414,CM-24,CM24,,,,,,,,,,,plant,,2026-06-20 02:53:19,pending,3
415,LI-4979,LI4979,,,,,,,,,,,plant,,2026-06-22 10:00:49,pending,3
416,GE-102,GE102,,,,,,,,,,,plant,,2026-07-07 09:18:08,pending,3
417,PD-7049,PD7049,,,,,,,,,,,plant,,2026-07-07 09:18:39,pending,3
418,GE-104,GE104,,,,,,,,,,,plant,,2026-07-07 09:20:32,pending,3
419,ZA-7052,ZA7052,,,,,,,,,,,plant,,2026-07-07 10:08:38,pending,3
420,48-8072,488072,,,,,,,,,,,plant,,2026-07-07 10:21:04,pending,3
421,ASC-21,ASC21,,,,,,,,,,,plant,,2026-07-07 11:28:19,pending,3
422,ASC-25,ASC25,,,,,,,,,,,plant,,2026-07-07 11:29:03,pending,3
423,TR-146,TR146,,,,,,,,,,,plant,,2026-07-07 11:31:17,pending,3
424,Tamping Rammer HC 40 1009,TAMPINGRAMMERHC401009,,,,,,,,,,,plant,,2026-07-07 11:32:08,pending,3
