id,product_id,period,book_qty,counted_qty,variance,adjusted,note,counted_by,created_at,updated_at
1,1,2026-06,76.25,76.25,0.0,0,,1,2026-06-20 03:44:01,2026-06-20 06:16:11
2,2,2026-06,88.0,88.0,0.0,0,,1,2026-06-20 03:44:01,2026-06-20 06:16:11
3,3,2026-06,0.0,0.0,0.0,0,,1,2026-06-20 03:44:01,2026-06-20 06:16:11
4,4,2026-06,145.0,145.0,0.0,0,,1,2026-06-20 03:44:01,2026-06-20 06:16:11
5,5,2026-06,56.5,56.5,0.0,0,,1,2026-06-20 03:44:01,2026-06-20 06:16:11
6,6,2026-06,43.0,43.0,0.0,0,,1,2026-06-20 03:44:01,2026-06-20 06:16:11
7,7,2026-06,0.0,0.0,0.0,0,,1,2026-06-20 03:44:01,2026-06-20 06:16:11
8,8,2026-06,0.0,0.0,0.0,0,,1,2026-06-20 03:44:01,2026-06-20 06:16:11
9,9,2026-06,42.25,42.25,0.0,0,,1,2026-06-20 03:44:01,2026-06-20 06:16:11
10,10,2026-06,0.0,0.0,0.0,0,,1,2026-06-20 03:44:01,2026-06-20 06:16:11
11,11,2026-06,72.5,72.5,0.0,0,,1,2026-06-20 03:44:01,2026-06-20 06:16:11
12,12,2026-06,37.5,37.5,0.0,0,,1,2026-06-20 03:44:01,2026-06-20 06:16:11
13,13,2026-06,2.0,2.0,0.0,0,,1,2026-06-20 03:44:01,2026-06-20 06:16:11
14,14,2026-06,61.5,61.5,0.0,0,,1,2026-06-20 03:44:01,2026-06-20 06:16:11
15,15,2026-06,107.0,107.0,0.0,0,,1,2026-06-20 03:44:01,2026-06-20 06:16:11
16,16,2026-06,156.85,156.85,0.0,0,,1,2026-06-20 03:44:01,2026-06-20 06:16:11
17,17,2026-06,9.5,9.5,0.0,0,,1,2026-06-20 03:44:01,2026-06-20 06:16:11
18,18,2026-06,3.9,3.9,0.0,0,,1,2026-06-20 03:44:01,2026-06-20 06:16:11
19,19,2026-06,4.0,4.0,0.0,0,,1,2026-06-20 03:44:01,2026-06-20 06:16:11
20,20,2026-06,10.0,10.0,0.0,0,,1,2026-06-20 03:44:01,2026-06-20 06:16:11
21,21,2026-06,110.0,110.0,0.0,0,,1,2026-06-20 03:44:01,2026-06-20 06:16:11
22,1,2026-05,72.25,72.25,0.0,0,,1,2026-06-20 06:17:20,2026-06-20 06:17:20
23,2,2026-05,88.0,88.0,0.0,0,,1,2026-06-20 06:17:20,2026-06-20 06:17:20
24,3,2026-05,0.0,0.0,0.0,0,,1,2026-06-20 06:17:20,2026-06-20 06:17:20
25,4,2026-05,145.0,145.0,0.0,0,,1,2026-06-20 06:17:20,2026-06-20 06:17:20
26,5,2026-05,56.5,56.5,0.0,0,,1,2026-06-20 06:17:20,2026-06-20 06:17:20
27,6,2026-05,43.0,43.0,0.0,0,,1,2026-06-20 06:17:20,2026-06-20 06:17:20
28,7,2026-05,3.25,3.25,0.0,0,,1,2026-06-20 06:17:20,2026-06-20 06:17:20
29,8,2026-05,0.0,0.0,0.0,0,,1,2026-06-20 06:17:20,2026-06-20 06:17:20
30,9,2026-05,89.0,89.0,0.0,0,,1,2026-06-20 06:17:20,2026-06-20 06:17:20
31,10,2026-05,0.0,0.0,0.0,0,,1,2026-06-20 06:17:20,2026-06-20 06:17:20
32,11,2026-05,95.0,95.0,0.0,0,,1,2026-06-20 06:17:20,2026-06-20 06:17:20
33,12,2026-05,71.5,71.5,0.0,0,,1,2026-06-20 06:17:20,2026-06-20 06:17:20
34,13,2026-05,34.0,34.0,0.0,0,,1,2026-06-20 06:17:20,2026-06-20 06:17:20
35,14,2026-05,73.5,73.5,0.0,0,,1,2026-06-20 06:17:20,2026-06-20 06:17:20
36,15,2026-05,124.0,124.0,0.0,0,,1,2026-06-20 06:17:20,2026-06-20 06:17:20
37,16,2026-05,92.25,92.25,0.0,0,,1,2026-06-20 06:17:20,2026-06-20 06:17:20
38,17,2026-05,11.5,11.5,0.0,0,,1,2026-06-20 06:17:20,2026-06-20 06:17:20
39,18,2026-05,1.65,1.65,0.0,0,,1,2026-06-20 06:17:20,2026-06-20 06:17:20
40,19,2026-05,5.0,5.0,0.0,0,,1,2026-06-20 06:17:20,2026-06-20 06:17:20
41,20,2026-05,2.75,2.75,0.0,0,,1,2026-06-20 06:17:20,2026-06-20 06:17:20
42,21,2026-05,0.0,0.0,0.0,0,,1,2026-06-20 06:17:20,2026-06-20 06:17:20
43,1,2026-04,240.5,240.5,0.0,0,,1,2026-06-20 06:18:33,2026-06-20 06:18:33
44,2,2026-04,88.0,88.0,0.0,0,,1,2026-06-20 06:18:33,2026-06-20 06:18:33
45,3,2026-04,0.0,0.0,0.0,0,,1,2026-06-20 06:18:33,2026-06-20 06:18:33
46,4,2026-04,145.0,145.0,0.0,0,,1,2026-06-20 06:18:33,2026-06-20 06:18:33
47,5,2026-04,56.5,56.5,0.0,0,,1,2026-06-20 06:18:33,2026-06-20 06:18:33
48,6,2026-04,87.0,87.0,0.0,0,,1,2026-06-20 06:18:33,2026-06-20 06:18:33
49,7,2026-04,229.25,229.25,0.0,0,,1,2026-06-20 06:18:33,2026-06-20 06:18:33
50,8,2026-04,0.0,0.0,0.0,0,,1,2026-06-20 06:18:33,2026-06-20 06:18:33
51,9,2026-04,135.0,135.0,0.0,0,,1,2026-06-20 06:18:33,2026-06-20 06:18:33
52,10,2026-04,0.0,0.0,0.0,0,,1,2026-06-20 06:18:33,2026-06-20 06:18:33
53,11,2026-04,96.75,96.75,0.0,0,,1,2026-06-20 06:18:33,2026-06-20 06:18:33
54,12,2026-04,192.0,192.0,0.0,0,,1,2026-06-20 06:18:33,2026-06-20 06:18:33
55,13,2026-04,59.0,59.0,0.0,0,,1,2026-06-20 06:18:33,2026-06-20 06:18:33
56,14,2026-04,82.5,82.5,0.0,0,,1,2026-06-20 06:18:33,2026-06-20 06:18:33
57,15,2026-04,164.5,164.5,0.0,0,,1,2026-06-20 06:18:33,2026-06-20 06:18:33
58,16,2026-04,110.3,110.3,0.0,0,,1,2026-06-20 06:18:33,2026-06-20 06:18:33
59,17,2026-04,0.25,0.25,0.0,0,,1,2026-06-20 06:18:33,2026-06-20 06:18:33
60,18,2026-04,1.0,1.0,0.0,0,,1,2026-06-20 06:18:33,2026-06-20 06:18:33
61,19,2026-04,13.0,13.0,0.0,0,,1,2026-06-20 06:18:33,2026-06-20 06:18:33
62,20,2026-04,0.0,0.0,0.0,0,,1,2026-06-20 06:18:33,2026-06-20 06:18:33
63,21,2026-04,0.0,0.0,0.0,0,,1,2026-06-20 06:18:33,2026-06-20 06:18:33
